{
  "pages": [
    //pages数组中第一项表示应用启动页，参考：https://uniapp.dcloud.io/collocation/pages
    {
      "path": "pages/index/index",
      "style": {
        "navigationStyle": "custom"
      }
    },
    {
      "path": "pages/order/index",
      "style": {
        "navigationStyle": "custom"
      }
    },
    {
      "path": "pages/my/index",
      "style": {
        "navigationStyle": "custom"
      }
    },
    {
      "path": "pages/orderStatus/index",
      "style": {
        "navigationStyle": "custom"
      }
    },
    {
      "path": "pages/applyLoan/index",
      "style": {
        "navigationStyle": "custom"
      }
    }
  ],
  "tabBar": {
    "color": "#F2F2F2",
    "selectedColor": "#74F461",
    "backgroundColor": "#F2F2F2",
    "position": "bottom",
    "borderStyle": "white",
    "height": "78px",
    "list": [
      {
        "pagePath": "pages/index/index",
        "text": "",
        "iconPath": "static/tabbar/home.png",
        "selectedIconPath": "static/tabbar/home-active.png"
      },
      {
        "pagePath": "pages/order/index",
        "text": "",
        "iconPath": "static/tabbar/order.png",
        "selectedIconPath": "static/tabbar/order-active.png"
      },
      {
        "pagePath": "pages/my/index",
        "text": "",
        "iconPath": "static/tabbar/my.png",
        "selectedIconPath": "static/tabbar/my-active.png"
      }
    ]
  },

  "uniIdRouter": {}
}
